[
   {
      "model":"admin.logentry",
      "pk":1,
      "fields":{
         "action_time":"2022-10-04T13:43:56.871Z",
         "user":1,
         "content_type":7,
         "object_id":"1",
         "object_repr":"Category object (1)",
         "action_flag":1,
         "change_message":"[{\"added\": {}}]"
      }
   },
   {
      "model":"admin.logentry",
      "pk":2,
      "fields":{
         "action_time":"2022-10-04T13:44:06.839Z",
         "user":1,
         "content_type":7,
         "object_id":"2",
         "object_repr":"Category object (2)",
         "action_flag":1,
         "change_message":"[{\"added\": {}}]"
      }
   },
   {
      "model":"admin.logentry",
      "pk":3,
      "fields":{
         "action_time":"2022-10-04T13:44:38.011Z",
         "user":1,
         "content_type":7,
         "object_id":"3",
         "object_repr":"Category object (3)",
         "action_flag":1,
         "change_message":"[{\"added\": {}}]"
      }
   },
   {
      "model":"admin.logentry",
      "pk":4,
      "fields":{
         "action_time":"2022-10-04T13:44:50.386Z",
         "user":1,
         "content_type":7,
         "object_id":"4",
         "object_repr":"Category object (4)",
         "action_flag":1,
         "change_message":"[{\"added\": {}}]"
      }
   },
   {
      "model":"admin.logentry",
      "pk":5,
      "fields":{
         "action_time":"2022-10-04T13:45:07.919Z",
         "user":1,
         "content_type":7,
         "object_id":"5",
         "object_repr":"Category object (5)",
         "action_flag":1,
         "change_message":"[{\"added\": {}}]"
      }
   },
   {
      "model":"admin.logentry",
      "pk":6,
      "fields":{
         "action_time":"2022-10-04T13:46:54.049Z",
         "user":1,
         "content_type":8,
         "object_id":"1",
         "object_repr":"Product object (1)",
         "action_flag":1,
         "change_message":"[{\"added\": {}}]"
      }
   },
   {
      "model":"admin.logentry",
      "pk":7,
      "fields":{
         "action_time":"2022-10-04T13:47:14.920Z",
         "user":1,
         "content_type":8,
         "object_id":"2",
         "object_repr":"Product object (2)",
         "action_flag":1,
         "change_message":"[{\"added\": {}}]"
      }
   },
   {
      "model":"admin.logentry",
      "pk":8,
      "fields":{
         "action_time":"2022-10-04T13:47:40.097Z",
         "user":1,
         "content_type":8,
         "object_id":"3",
         "object_repr":"Product object (3)",
         "action_flag":1,
         "change_message":"[{\"added\": {}}]"
      }
   },
   {
      "model":"admin.logentry",
      "pk":9,
      "fields":{
         "action_time":"2022-10-04T13:47:56.916Z",
         "user":1,
         "content_type":8,
         "object_id":"4",
         "object_repr":"Product object (4)",
         "action_flag":1,
         "change_message":"[{\"added\": {}}]"
      }
   },
   {
      "model":"admin.logentry",
      "pk":10,
      "fields":{
         "action_time":"2022-10-04T13:48:25.357Z",
         "user":1,
         "content_type":8,
         "object_id":"5",
         "object_repr":"Product object (5)",
         "action_flag":1,
         "change_message":"[{\"added\": {}}]"
      }
   },
   {
      "model":"admin.logentry",
      "pk":11,
      "fields":{
         "action_time":"2022-10-04T13:49:02.923Z",
         "user":1,
         "content_type":8,
         "object_id":"6",
         "object_repr":"Product object (6)",
         "action_flag":1,
         "change_message":"[{\"added\": {}}]"
      }
   },
   {
      "model":"admin.logentry",
      "pk":12,
      "fields":{
         "action_time":"2022-10-04T13:49:19.750Z",
         "user":1,
         "content_type":8,
         "object_id":"7",
         "object_repr":"Product object (7)",
         "action_flag":1,
         "change_message":"[{\"added\": {}}]"
      }
   },
   {
      "model":"admin.logentry",
      "pk":13,
      "fields":{
         "action_time":"2022-10-04T13:49:39.771Z",
         "user":1,
         "content_type":8,
         "object_id":"8",
         "object_repr":"Product object (8)",
         "action_flag":1,
         "change_message":"[{\"added\": {}}]"
      }
   },
   {
      "model":"admin.logentry",
      "pk":14,
      "fields":{
         "action_time":"2022-10-04T13:49:59.313Z",
         "user":1,
         "content_type":8,
         "object_id":"9",
         "object_repr":"Product object (9)",
         "action_flag":1,
         "change_message":"[{\"added\": {}}]"
      }
   },
   {
      "model":"admin.logentry",
      "pk":15,
      "fields":{
         "action_time":"2022-10-04T13:50:21.105Z",
         "user":1,
         "content_type":8,
         "object_id":"10",
         "object_repr":"Product object (10)",
         "action_flag":1,
         "change_message":"[{\"added\": {}}]"
      }
   },
   {
      "model":"admin.logentry",
      "pk":16,
      "fields":{
         "action_time":"2022-10-04T13:50:38.134Z",
         "user":1,
         "content_type":8,
         "object_id":"11",
         "object_repr":"Product object (11)",
         "action_flag":1,
         "change_message":"[{\"added\": {}}]"
      }
   },
   {
      "model":"admin.logentry",
      "pk":17,
      "fields":{
         "action_time":"2022-10-04T13:50:59.207Z",
         "user":1,
         "content_type":8,
         "object_id":"12",
         "object_repr":"Product object (12)",
         "action_flag":1,
         "change_message":"[{\"added\": {}}]"
      }
   },
   {
      "model":"admin.logentry",
      "pk":18,
      "fields":{
         "action_time":"2022-10-04T13:51:27.086Z",
         "user":1,
         "content_type":8,
         "object_id":"13",
         "object_repr":"Product object (13)",
         "action_flag":1,
         "change_message":"[{\"added\": {}}]"
      }
   },
   {
      "model":"admin.logentry",
      "pk":19,
      "fields":{
         "action_time":"2022-10-04T13:51:41.728Z",
         "user":1,
         "content_type":8,
         "object_id":"14",
         "object_repr":"Product object (14)",
         "action_flag":1,
         "change_message":"[{\"added\": {}}]"
      }
   },
   {
      "model":"admin.logentry",
      "pk":20,
      "fields":{
         "action_time":"2022-10-04T13:54:36.178Z",
         "user":1,
         "content_type":9,
         "object_id":"2",
         "object_repr":"jhon",
         "action_flag":1,
         "change_message":"[{\"added\": {}}]"
      }
   },
   {
      "model":"admin.logentry",
      "pk":21,
      "fields":{
         "action_time":"2022-10-04T13:55:25.094Z",
         "user":1,
         "content_type":9,
         "object_id":"3",
         "object_repr":"mary",
         "action_flag":1,
         "change_message":"[{\"added\": {}}]"
      }
   },
   {
      "model":"admin.logentry",
      "pk":22,
      "fields":{
         "action_time":"2022-10-04T13:56:01.058Z",
         "user":1,
         "content_type":9,
         "object_id":"4",
         "object_repr":"Alan",
         "action_flag":1,
         "change_message":"[{\"added\": {}}]"
      }
   },
   {
      "model":"admin.logentry",
      "pk":23,
      "fields":{
         "action_time":"2022-10-04T13:56:36.564Z",
         "user":1,
         "content_type":9,
         "object_id":"5",
         "object_repr":"Josh",
         "action_flag":1,
         "change_message":"[{\"added\": {}}]"
      }
   },
   {
      "model":"admin.logentry",
      "pk":24,
      "fields":{
         "action_time":"2022-10-04T13:57:35.745Z",
         "user":1,
         "content_type":9,
         "object_id":"6",
         "object_repr":"Bill",
         "action_flag":1,
         "change_message":"[{\"added\": {}}]"
      }
   },
   {
      "model":"admin.logentry",
      "pk":25,
      "fields":{
         "action_time":"2022-10-04T13:58:04.381Z",
         "user":1,
         "content_type":9,
         "object_id":"5",
         "object_repr":"Josh",
         "action_flag":2,
         "change_message":"[{\"changed\": {\"fields\": [\"City\", \"Province\"]}}]"
      }
   },
   {
      "model":"admin.logentry",
      "pk":26,
      "fields":{
         "action_time":"2022-10-04T13:58:21.781Z",
         "user":1,
         "content_type":9,
         "object_id":"4",
         "object_repr":"Alan",
         "action_flag":2,
         "change_message":"[{\"changed\": {\"fields\": [\"City\", \"Province\"]}}]"
      }
   },
   {
      "model":"admin.logentry",
      "pk":27,
      "fields":{
         "action_time":"2022-10-04T13:59:24.508Z",
         "user":1,
         "content_type":10,
         "object_id":"1",
         "object_repr":"Order object (1)",
         "action_flag":1,
         "change_message":"[{\"added\": {}}]"
      }
   },
   {
      "model":"admin.logentry",
      "pk":28,
      "fields":{
         "action_time":"2022-10-04T13:59:46.292Z",
         "user":1,
         "content_type":10,
         "object_id":"2",
         "object_repr":"Order object (2)",
         "action_flag":1,
         "change_message":"[{\"added\": {}}]"
      }
   },
   {
      "model":"admin.logentry",
      "pk":29,
      "fields":{
         "action_time":"2022-11-13T02:13:44.385Z",
         "user":1,
         "content_type":8,
         "object_id":"9",
         "object_repr":"Dresser",
         "action_flag":2,
         "change_message":"[{\"changed\": {\"fields\": [\"Interested\"]}}]"
      }
   },
   {
      "model":"admin.logentry",
      "pk":30,
      "fields":{
         "action_time":"2022-11-21T17:02:03.325Z",
         "user":1,
         "content_type":9,
         "object_id":"7",
         "object_repr":"",
         "action_flag":1,
         "change_message":"[{\"added\": {}}]"
      }
   },
   {
      "model":"admin.logentry",
      "pk":31,
      "fields":{
         "action_time":"2022-11-21T17:06:17.518Z",
         "user":1,
         "content_type":9,
         "object_id":"8",
         "object_repr":"",
         "action_flag":1,
         "change_message":"[{\"added\": {}}]"
      }
   },
   {
      "model":"admin.logentry",
      "pk":32,
      "fields":{
         "action_time":"2022-11-21T17:10:53.668Z",
         "user":1,
         "content_type":4,
         "object_id":"4",
         "object_repr":"Alan",
         "action_flag":2,
         "change_message":"[{\"changed\": {\"fields\": [\"User permissions\", \"Last login\"]}}]"
      }
   },
   {
      "model":"admin.logentry",
      "pk":33,
      "fields":{
         "action_time":"2022-11-21T17:11:31.425Z",
         "user":1,
         "content_type":4,
         "object_id":"7",
         "object_repr":"sagar",
         "action_flag":2,
         "change_message":"[{\"changed\": {\"fields\": [\"Active\", \"Staff status\"]}}]"
      }
   },
   {
      "model":"admin.logentry",
      "pk":34,
      "fields":{
         "action_time":"2022-11-21T17:13:29.911Z",
         "user":1,
         "content_type":4,
         "object_id":"7",
         "object_repr":"sagar",
         "action_flag":2,
         "change_message":"[{\"changed\": {\"fields\": [\"password\"]}}]"
      }
   },
   {
      "model":"admin.logentry",
      "pk":35,
      "fields":{
         "action_time":"2022-11-21T19:30:19.800Z",
         "user":1,
         "content_type":4,
         "object_id":"6",
         "object_repr":"Bill",
         "action_flag":2,
         "change_message":"[{\"changed\": {\"fields\": [\"User permissions\"]}}]"
      }
   },
   {
      "model":"admin.logentry",
      "pk":36,
      "fields":{
         "action_time":"2022-11-21T19:31:04.488Z",
         "user":1,
         "content_type":4,
         "object_id":"6",
         "object_repr":"Bill",
         "action_flag":2,
         "change_message":"[]"
      }
   },
   {
      "model":"admin.logentry",
      "pk":37,
      "fields":{
         "action_time":"2022-11-21T19:31:28.600Z",
         "user":1,
         "content_type":4,
         "object_id":"6",
         "object_repr":"Bill",
         "action_flag":2,
         "change_message":"[{\"changed\": {\"fields\": [\"User permissions\"]}}]"
      }
   },
   {
      "model":"admin.logentry",
      "pk":38,
      "fields":{
         "action_time":"2022-11-21T19:32:50.769Z",
         "user":1,
         "content_type":9,
         "object_id":"8",
         "object_repr":"",
         "action_flag":2,
         "change_message":"[{\"changed\": {\"fields\": [\"Superuser status\", \"Staff status\"]}}]"
      }
   },
   {
      "model":"admin.logentry",
      "pk":39,
      "fields":{
         "action_time":"2022-11-21T19:35:18.564Z",
         "user":1,
         "content_type":9,
         "object_id":"8",
         "object_repr":"Normal",
         "action_flag":2,
         "change_message":"[{\"changed\": {\"fields\": [\"Last login\", \"Superuser status\", \"Staff status\", \"Company\", \"Shipping address\"]}}]"
      }
   },
   {
      "model":"admin.logentry",
      "pk":40,
      "fields":{
         "action_time":"2022-11-21T19:36:20.477Z",
         "user":1,
         "content_type":9,
         "object_id":"8",
         "object_repr":"Normal",
         "action_flag":2,
         "change_message":"[]"
      }
   },
   {
      "model":"admin.logentry",
      "pk":41,
      "fields":{
         "action_time":"2022-11-21T19:37:14.012Z",
         "user":1,
         "content_type":9,
         "object_id":"8",
         "object_repr":"Ram",
         "action_flag":2,
         "change_message":"[{\"changed\": {\"fields\": [\"Company\"]}}]"
      }
   },
   {
      "model":"admin.logentry",
      "pk":42,
      "fields":{
         "action_time":"2022-11-21T19:38:10.942Z",
         "user":1,
         "content_type":9,
         "object_id":"7",
         "object_repr":"Sagar",
         "action_flag":2,
         "change_message":"[{\"changed\": {\"fields\": [\"Company\"]}}]"
      }
   },
   {
      "model":"admin.logentry",
      "pk":43,
      "fields":{
         "action_time":"2022-11-21T19:38:34.141Z",
         "user":1,
         "content_type":9,
         "object_id":"6",
         "object_repr":"Bill",
         "action_flag":2,
         "change_message":"[{\"changed\": {\"fields\": [\"Company\"]}}]"
      }
   },
   {
      "model":"admin.logentry",
      "pk":44,
      "fields":{
         "action_time":"2022-11-21T19:39:03.259Z",
         "user":1,
         "content_type":9,
         "object_id":"5",
         "object_repr":"Josh",
         "action_flag":2,
         "change_message":"[{\"changed\": {\"fields\": [\"Company\"]}}]"
      }
   },
   {
      "model":"admin.logentry",
      "pk":45,
      "fields":{
         "action_time":"2022-11-21T19:39:24.594Z",
         "user":1,
         "content_type":9,
         "object_id":"4",
         "object_repr":"Alan",
         "action_flag":2,
         "change_message":"[{\"changed\": {\"fields\": [\"Company\"]}}]"
      }
   },
   {
      "model":"admin.logentry",
      "pk":46,
      "fields":{
         "action_time":"2022-11-21T19:39:44.299Z",
         "user":1,
         "content_type":9,
         "object_id":"3",
         "object_repr":"Mary",
         "action_flag":2,
         "change_message":"[{\"changed\": {\"fields\": [\"Company\"]}}]"
      }
   },
   {
      "model":"admin.logentry",
      "pk":47,
      "fields":{
         "action_time":"2022-11-21T19:40:04.560Z",
         "user":1,
         "content_type":9,
         "object_id":"2",
         "object_repr":"Jhon",
         "action_flag":2,
         "change_message":"[{\"changed\": {\"fields\": [\"Company\"]}}]"
      }
   },
   {
      "model":"admin.logentry",
      "pk":48,
      "fields":{
         "action_time":"2022-11-22T14:09:57.663Z",
         "user":1,
         "content_type":4,
         "object_id":"4",
         "object_repr":"Alan",
         "action_flag":2,
         "change_message":"[{\"changed\": {\"fields\": [\"User permissions\"]}}]"
      }
   },
   {
      "model":"admin.logentry",
      "pk":49,
      "fields":{
         "action_time":"2022-11-22T14:34:27.493Z",
         "user":1,
         "content_type":4,
         "object_id":"8",
         "object_repr":"ram",
         "action_flag":2,
         "change_message":"[{\"changed\": {\"fields\": [\"password\"]}}]"
      }
   },
   {
      "model":"admin.logentry",
      "pk":50,
      "fields":{
         "action_time":"2022-11-22T14:45:48.901Z",
         "user":1,
         "content_type":4,
         "object_id":"4",
         "object_repr":"Alan",
         "action_flag":2,
         "change_message":"[{\"changed\": {\"fields\": [\"password\"]}}]"
      }
   },
   {
      "model":"admin.logentry",
      "pk":51,
      "fields":{
         "action_time":"2022-11-22T14:46:14.071Z",
         "user":1,
         "content_type":4,
         "object_id":"6",
         "object_repr":"Bill",
         "action_flag":2,
         "change_message":"[{\"changed\": {\"fields\": [\"password\"]}}]"
      }
   },
   {
      "model":"admin.logentry",
      "pk":52,
      "fields":{
         "action_time":"2022-11-26T20:23:12.521Z",
         "user":1,
         "content_type":4,
         "object_id":"9",
         "object_repr":"syed",
         "action_flag":2,
         "change_message":"[{\"changed\": {\"fields\": [\"First name\", \"Last name\"]}}]"
      }
   },
   {
      "model":"admin.logentry",
      "pk":53,
      "fields":{
         "action_time":"2022-11-26T20:27:00.652Z",
         "user":1,
         "content_type":4,
         "object_id":"10",
         "object_repr":"sandeep",
         "action_flag":3,
         "change_message":""
      }
   },
   {
      "model":"admin.logentry",
      "pk":54,
      "fields":{
         "action_time":"2022-11-26T20:27:00.656Z",
         "user":1,
         "content_type":4,
         "object_id":"9",
         "object_repr":"syed",
         "action_flag":3,
         "change_message":""
      }
   },
   {
      "model":"admin.logentry",
      "pk":55,
      "fields":{
         "action_time":"2022-11-26T21:27:36.504Z",
         "user":1,
         "content_type":9,
         "object_id":"8",
         "object_repr":"ram",
         "action_flag":2,
         "change_message":"[{\"changed\": {\"fields\": [\"First name\", \"Last name\"]}}]"
      }
   },
   {
      "model":"auth.permission",
      "pk":1,
      "fields":{
         "name":"Can add log entry",
         "content_type":1,
         "codename":"add_logentry"
      }
   },
   {
      "model":"auth.permission",
      "pk":2,
      "fields":{
         "name":"Can change log entry",
         "content_type":1,
         "codename":"change_logentry"
      }
   },
   {
      "model":"auth.permission",
      "pk":3,
      "fields":{
         "name":"Can delete log entry",
         "content_type":1,
         "codename":"delete_logentry"
      }
   },
   {
      "model":"auth.permission",
      "pk":4,
      "fields":{
         "name":"Can view log entry",
         "content_type":1,
         "codename":"view_logentry"
      }
   },
   {
      "model":"auth.permission",
      "pk":5,
      "fields":{
         "name":"Can add permission",
         "content_type":2,
         "codename":"add_permission"
      }
   },
   {
      "model":"auth.permission",
      "pk":6,
      "fields":{
         "name":"Can change permission",
         "content_type":2,
         "codename":"change_permission"
      }
   },
   {
      "model":"auth.permission",
      "pk":7,
      "fields":{
         "name":"Can delete permission",
         "content_type":2,
         "codename":"delete_permission"
      }
   },
   {
      "model":"auth.permission",
      "pk":8,
      "fields":{
         "name":"Can view permission",
         "content_type":2,
         "codename":"view_permission"
      }
   },
   {
      "model":"auth.permission",
      "pk":9,
      "fields":{
         "name":"Can add group",
         "content_type":3,
         "codename":"add_group"
      }
   },
   {
      "model":"auth.permission",
      "pk":10,
      "fields":{
         "name":"Can change group",
         "content_type":3,
         "codename":"change_group"
      }
   },
   {
      "model":"auth.permission",
      "pk":11,
      "fields":{
         "name":"Can delete group",
         "content_type":3,
         "codename":"delete_group"
      }
   },
   {
      "model":"auth.permission",
      "pk":12,
      "fields":{
         "name":"Can view group",
         "content_type":3,
         "codename":"view_group"
      }
   },
   {
      "model":"auth.permission",
      "pk":13,
      "fields":{
         "name":"Can add user",
         "content_type":4,
         "codename":"add_user"
      }
   },
   {
      "model":"auth.permission",
      "pk":14,
      "fields":{
         "name":"Can change user",
         "content_type":4,
         "codename":"change_user"
      }
   },
   {
      "model":"auth.permission",
      "pk":15,
      "fields":{
         "name":"Can delete user",
         "content_type":4,
         "codename":"delete_user"
      }
   },
   {
      "model":"auth.permission",
      "pk":16,
      "fields":{
         "name":"Can view user",
         "content_type":4,
         "codename":"view_user"
      }
   },
   {
      "model":"auth.permission",
      "pk":17,
      "fields":{
         "name":"Can add content type",
         "content_type":5,
         "codename":"add_contenttype"
      }
   },
   {
      "model":"auth.permission",
      "pk":18,
      "fields":{
         "name":"Can change content type",
         "content_type":5,
         "codename":"change_contenttype"
      }
   },
   {
      "model":"auth.permission",
      "pk":19,
      "fields":{
         "name":"Can delete content type",
         "content_type":5,
         "codename":"delete_contenttype"
      }
   },
   {
      "model":"auth.permission",
      "pk":20,
      "fields":{
         "name":"Can view content type",
         "content_type":5,
         "codename":"view_contenttype"
      }
   },
   {
      "model":"auth.permission",
      "pk":21,
      "fields":{
         "name":"Can add session",
         "content_type":6,
         "codename":"add_session"
      }
   },
   {
      "model":"auth.permission",
      "pk":22,
      "fields":{
         "name":"Can change session",
         "content_type":6,
         "codename":"change_session"
      }
   },
   {
      "model":"auth.permission",
      "pk":23,
      "fields":{
         "name":"Can delete session",
         "content_type":6,
         "codename":"delete_session"
      }
   },
   {
      "model":"auth.permission",
      "pk":24,
      "fields":{
         "name":"Can view session",
         "content_type":6,
         "codename":"view_session"
      }
   },
   {
      "model":"auth.permission",
      "pk":25,
      "fields":{
         "name":"Can add category",
         "content_type":7,
         "codename":"add_category"
      }
   },
   {
      "model":"auth.permission",
      "pk":26,
      "fields":{
         "name":"Can change category",
         "content_type":7,
         "codename":"change_category"
      }
   },
   {
      "model":"auth.permission",
      "pk":27,
      "fields":{
         "name":"Can delete category",
         "content_type":7,
         "codename":"delete_category"
      }
   },
   {
      "model":"auth.permission",
      "pk":28,
      "fields":{
         "name":"Can view category",
         "content_type":7,
         "codename":"view_category"
      }
   },
   {
      "model":"auth.permission",
      "pk":29,
      "fields":{
         "name":"Can add product",
         "content_type":8,
         "codename":"add_product"
      }
   },
   {
      "model":"auth.permission",
      "pk":30,
      "fields":{
         "name":"Can change product",
         "content_type":8,
         "codename":"change_product"
      }
   },
   {
      "model":"auth.permission",
      "pk":31,
      "fields":{
         "name":"Can delete product",
         "content_type":8,
         "codename":"delete_product"
      }
   },
   {
      "model":"auth.permission",
      "pk":32,
      "fields":{
         "name":"Can view product",
         "content_type":8,
         "codename":"view_product"
      }
   },
   {
      "model":"auth.permission",
      "pk":33,
      "fields":{
         "name":"Can add user",
         "content_type":9,
         "codename":"add_client"
      }
   },
   {
      "model":"auth.permission",
      "pk":34,
      "fields":{
         "name":"Can change user",
         "content_type":9,
         "codename":"change_client"
      }
   },
   {
      "model":"auth.permission",
      "pk":35,
      "fields":{
         "name":"Can delete user",
         "content_type":9,
         "codename":"delete_client"
      }
   },
   {
      "model":"auth.permission",
      "pk":36,
      "fields":{
         "name":"Can view user",
         "content_type":9,
         "codename":"view_client"
      }
   },
   {
      "model":"auth.permission",
      "pk":37,
      "fields":{
         "name":"Can add order",
         "content_type":10,
         "codename":"add_order"
      }
   },
   {
      "model":"auth.permission",
      "pk":38,
      "fields":{
         "name":"Can change order",
         "content_type":10,
         "codename":"change_order"
      }
   },
   {
      "model":"auth.permission",
      "pk":39,
      "fields":{
         "name":"Can delete order",
         "content_type":10,
         "codename":"delete_order"
      }
   },
   {
      "model":"auth.permission",
      "pk":40,
      "fields":{
         "name":"Can view order",
         "content_type":10,
         "codename":"view_order"
      }
   },
   {
      "model":"auth.user",
      "pk":1,
      "fields":{
         "password":"pbkdf2_sha256$390000$iwZjRgj2inVut3n9iznTQV$h+D+t93qCX9Gs1Hhsc9WDfsQihPcVsAi2Tq2Mvhy2GM=",
         "last_login":"2022-11-26T21:27:17.640Z",
         "is_superuser":true,
         "username":"admin",
         "first_name":"",
         "last_name":"",
         "email":"sagaarpkr@gmail.com",
         "is_staff":true,
         "is_active":true,
         "date_joined":"2022-10-04T00:35:38.958Z",
         "groups":[

         ],
         "user_permissions":[

         ]
      }
   },
   {
      "model":"auth.user",
      "pk":2,
      "fields":{
         "password":"admin123",
         "last_login":null,
         "is_superuser":false,
         "username":"jhon",
         "first_name":"Jhon",
         "last_name":"Smith",
         "email":"",
         "is_staff":false,
         "is_active":true,
         "date_joined":"2022-10-04T13:52:09Z",
         "groups":[

         ],
         "user_permissions":[

         ]
      }
   },
   {
      "model":"auth.user",
      "pk":3,
      "fields":{
         "password":"admin123",
         "last_login":null,
         "is_superuser":false,
         "username":"mary",
         "first_name":"Mary",
         "last_name":"Hall",
         "email":"",
         "is_staff":false,
         "is_active":true,
         "date_joined":"2022-10-04T13:54:36Z",
         "groups":[

         ],
         "user_permissions":[

         ]
      }
   },
   {
      "model":"auth.user",
      "pk":4,
      "fields":{
         "password":"pbkdf2_sha256$390000$tjezHAf756FJb878PQ9vB6$4egpkHVcDohZC1rjU7/cOzu4vjQn092McDskfvVDT+o=",
         "last_login":"2022-11-22T14:46:51.322Z",
         "is_superuser":false,
         "username":"Alan",
         "first_name":"Alan",
         "last_name":"Jones",
         "email":"",
         "is_staff":false,
         "is_active":true,
         "date_joined":"2022-10-04T13:55:25Z",
         "groups":[

         ],
         "user_permissions":[
            1,
            2,
            3,
            4,
            9,
            10,
            11,
            12,
            5,
            6,
            7,
            8,
            13,
            14,
            15,
            16,
            17,
            18,
            19,
            20,
            25,
            26,
            27,
            28,
            33,
            34,
            35,
            36,
            37,
            38,
            39,
            40,
            29,
            30,
            31,
            32,
            21,
            22,
            23,
            24
         ]
      }
   },
   {
      "model":"auth.user",
      "pk":5,
      "fields":{
         "password":"admin123",
         "last_login":null,
         "is_superuser":false,
         "username":"Josh",
         "first_name":"Josh",
         "last_name":"Jones",
         "email":"",
         "is_staff":false,
         "is_active":true,
         "date_joined":"2022-10-04T13:56:01Z",
         "groups":[

         ],
         "user_permissions":[

         ]
      }
   },
   {
      "model":"auth.user",
      "pk":6,
      "fields":{
         "password":"pbkdf2_sha256$390000$DEqg4EBIC854CGt2NKt6Kv$s1WEQzRqfzg7vdoupG1JwMR3pIkQbxOCrYvbT4+udQs=",
         "last_login":null,
         "is_superuser":false,
         "username":"Bill",
         "first_name":"Bill",
         "last_name":"Wang",
         "email":"",
         "is_staff":false,
         "is_active":true,
         "date_joined":"2022-10-04T13:56:36Z",
         "groups":[

         ],
         "user_permissions":[

         ]
      }
   },
   {
      "model":"auth.user",
      "pk":7,
      "fields":{
         "password":"pbkdf2_sha256$390000$nBn8YoRFNbOghYDXoAplqL$/qZL2szWUM86ZPr7nG0ZiZEK5lNZ3JlpOEnpC0zY4Yw=",
         "last_login":null,
         "is_superuser":false,
         "username":"sagar",
         "first_name":"Sagar",
         "last_name":"Sharma",
         "email":"sagaarpkr@gmail.com",
         "is_staff":true,
         "is_active":false,
         "date_joined":"2022-11-21T17:01:25Z",
         "groups":[

         ],
         "user_permissions":[

         ]
      }
   },
   {
      "model":"auth.user",
      "pk":8,
      "fields":{
         "password":"pbkdf2_sha256$390000$Rnq3tx8N4hFPq6jAaXDjiT$pUh2rhP42pIq7ExS7XBYWE6sorj8x58YGSidBw7zMLI=",
         "last_login":"2022-11-26T21:30:54.918Z",
         "is_superuser":false,
         "username":"ram",
         "first_name":"Ram",
         "last_name":"Doe",
         "email":"",
         "is_staff":false,
         "is_active":true,
         "date_joined":"2022-11-21T17:04:56Z",
         "groups":[

         ],
         "user_permissions":[

         ]
      }
   },
   {
      "model":"auth.user",
      "pk":11,
      "fields":{
         "password":"pbkdf2_sha256$390000$XepZXA7UycHovwnwEHdbtC$vDaP7gfZtKwkbbYIVvmUL1fdRf7nwXgBhYJsNbro0+8=",
         "last_login":"2022-11-26T21:31:40.559Z",
         "is_superuser":false,
         "username":"singh",
         "first_name":"Sandeep",
         "last_name":"Singh",
         "email":"",
         "is_staff":false,
         "is_active":true,
         "date_joined":"2022-11-26T20:26:17.153Z",
         "groups":[

         ],
         "user_permissions":[

         ]
      }
   },
   {
      "model":"contenttypes.contenttype",
      "pk":1,
      "fields":{
         "app_label":"admin",
         "model":"logentry"
      }
   },
   {
      "model":"contenttypes.contenttype",
      "pk":2,
      "fields":{
         "app_label":"auth",
         "model":"permission"
      }
   },
   {
      "model":"contenttypes.contenttype",
      "pk":3,
      "fields":{
         "app_label":"auth",
         "model":"group"
      }
   },
   {
      "model":"contenttypes.contenttype",
      "pk":4,
      "fields":{
         "app_label":"auth",
         "model":"user"
      }
   },
   {
      "model":"contenttypes.contenttype",
      "pk":5,
      "fields":{
         "app_label":"contenttypes",
         "model":"contenttype"
      }
   },
   {
      "model":"contenttypes.contenttype",
      "pk":6,
      "fields":{
         "app_label":"sessions",
         "model":"session"
      }
   },
   {
      "model":"contenttypes.contenttype",
      "pk":7,
      "fields":{
         "app_label":"myapp",
         "model":"category"
      }
   },
   {
      "model":"contenttypes.contenttype",
      "pk":8,
      "fields":{
         "app_label":"myapp",
         "model":"product"
      }
   },
   {
      "model":"contenttypes.contenttype",
      "pk":9,
      "fields":{
         "app_label":"myapp",
         "model":"client"
      }
   },
   {
      "model":"contenttypes.contenttype",
      "pk":10,
      "fields":{
         "app_label":"myapp",
         "model":"order"
      }
   },
   {
      "model":"sessions.session",
      "pk":"2n2ikar7ljpdmacvn8nlnuuwriiremj0",
      "fields":{
         "session_data":".eJxVjL0OwyAQg9-FuULAJYXr2L3PgI6_krYCKSRT1XcvkTIkgwf7s_1lltYl27XF2U6B3Zhkl2PmyL9j2UB4UXlW7mtZ5snxrcJ32vijhvi5793TQaaW-1qrUaOOChRSuhIkMBIBjEYhIwajcOyui8ww9DiBJGcwQRLC-eDY7w-hxTag:1onMde:M1MxN9YOX0bs5o2eYK2ASWg0czvE1vt9VYHe_jvaJds",
         "expire_date":"2022-11-08T16:18:50.647Z"
      }
   },
   {
      "model":"sessions.session",
      "pk":"3wbpgr9jhxt1uavtc6n4j5mcygt7lq82",
      "fields":{
         "session_data":"e30:1oxBOD:Z4-87g4KV8vUe-T_inC0hSlmCXTtJiJKeI78UbEYW3M",
         "expire_date":"2022-12-05T18:19:29.814Z"
      }
   },
   {
      "model":"sessions.session",
      "pk":"exmnfuraurh4tduqu9ujy2tnzpz68tnr",
      "fields":{
         "session_data":".eJxVjL0OwyAQg9-FuULAJYXr2L3PgI6_krYCKSRT1XcvkTIkgwf7s_1lltYl27XF2U6B3Zhkl2PmyL9j2UB4UXlW7mtZ5snxrcJ32vijhvi5793TQaaW-1qrUaOOChRSuhIkMBIBjEYhIwajcOyui8ww9DiBJGcwQRLC-eDY7w-hxTag:1ou2Uw:6XuWrtMWLYGSdBwa6p52RIF9UDguhnElr1PmDU3bQIQ",
         "expire_date":"2022-11-27T02:13:26.745Z"
      }
   },
   {
      "model":"sessions.session",
      "pk":"qs2fo39t81x46iovovb850m3la3nutfy",
      "fields":{
         "session_data":"e30:1oxBHw:hKIV0SH_fxagtsahELPkX6xmF6fBI1j-2jDWVmKWgCc",
         "expire_date":"2022-12-05T18:13:00.159Z"
      }
   },
   {
      "model":"sessions.session",
      "pk":"rx1ovx1of78vdbn9h7du2fj642enlshp",
      "fields":{
         "session_data":".eJxVjsGOwiAURX_FsFYCj0Jpl-7nD0wIPF4t2oApbTKTif9um7jQ7T33ntx_5vy6jG6tNLsUWc-kZMfPMHi8U95JvPl8LRxLXuYU-F7hb1r5T4k0nd_dL8Ho67it0TahCV3rvRU6IliUwihNhEGLLiARqdYi6EGYEDtlNCjVDtp4jWEg2KSTr4ubyjXlzXdhIABOUp7AHED2SvaN4NqAsd2F7Rcq1ZpKdvT7SPMf65UR4vkC1rVLnA:1oz2lw:zMeRgXoDPLz_r5LJHodVF6GiVdun15xWrXx3oyMHrtQ",
         "expire_date":"2022-11-26T22:31:40.563Z"
      }
   },
   {
      "model":"sessions.session",
      "pk":"sfeeefp5kf3jpzsxucnmvskqvixcl91u",
      "fields":{
         "session_data":"e30:1oxBNs:Hjh6feK-4DdpOkPJ_kmmK7KNtx7jqe9xflXKxukmXyY",
         "expire_date":"2022-12-05T18:19:08.035Z"
      }
   },
   {
      "model":"sessions.session",
      "pk":"tod9ymetfm9mp2p8ns8hmfrwz4a4qjvd",
      "fields":{
         "session_data":"e30:1oxBML:IJOoTLwdl5kJGca7vAA4Y-R777dwtT5WfD3wYVwforg",
         "expire_date":"2022-12-05T18:17:33.497Z"
      }
   },
   {
      "model":"sessions.session",
      "pk":"vh87g82yqu8ramg6c52rh9s3qzclebx3",
      "fields":{
         "session_data":"e30:1oxBS5:SCCt2mIEQRHa9lWuwrEBvljT54cETzX_ca9HAj3rEuM",
         "expire_date":"2022-12-05T18:23:29.556Z"
      }
   },
   {
      "model":"sessions.session",
      "pk":"yqze6fnzqykonihr4dersvdhny34ykfd",
      "fields":{
         "session_data":".eJxVjL0OwyAQg9-FuULAJYXr2L3PgI6_krYCKSRT1XcvkTIkgwf7s_1lltYl27XF2U6B3Zhkl2PmyL9j2UB4UXlW7mtZ5snxrcJ32vijhvi5793TQaaW-1qrUaOOChRSuhIkMBIBjEYhIwajcOyui8ww9DiBJGcwQRLC-eDY7w-hxTag:1ofiBY:MqH3xLESLgnMO3YWpVAz696FpfIcCtLEioU2cLqPuIY",
         "expire_date":"2022-10-18T13:42:12.209Z"
      }
   },
   {
      "model":"myapp.category",
      "pk":1,
      "fields":{
         "name":"Furniture",
         "warehouse":"Windsor"
      }
   },
   {
      "model":"myapp.category",
      "pk":2,
      "fields":{
         "name":"Appliances",
         "warehouse":"Windsor"
      }
   },
   {
      "model":"myapp.category",
      "pk":3,
      "fields":{
         "name":"Electronics",
         "warehouse":"London"
      }
   },
   {
      "model":"myapp.category",
      "pk":4,
      "fields":{
         "name":"Home Decor",
         "warehouse":"Waterloo"
      }
   },
   {
      "model":"myapp.category",
      "pk":5,
      "fields":{
         "name":"Flooring",
         "warehouse":"London"
      }
   },
   {
      "model":"myapp.product",
      "pk":1,
      "fields":{
         "category":4,
         "name":"Clock",
         "price":"99.99",
         "stock":12,
         "available":true,
         "optional":"",
         "interested":16
      }
   },
   {
      "model":"myapp.product",
      "pk":2,
      "fields":{
         "category":4,
         "name":"Vase",
         "price":"82.54",
         "stock":39,
         "available":true,
         "optional":"",
         "interested":0
      }
   },
   {
      "model":"myapp.product",
      "pk":3,
      "fields":{
         "category":4,
         "name":"Painting",
         "price":"135.80",
         "stock":70,
         "available":true,
         "optional":"",
         "interested":0
      }
   },
   {
      "model":"myapp.product",
      "pk":4,
      "fields":{
         "category":4,
         "name":"Lamp",
         "price":"59.99",
         "stock":190,
         "available":true,
         "optional":"",
         "interested":0
      }
   },
   {
      "model":"myapp.product",
      "pk":5,
      "fields":{
         "category":3,
         "name":"Tablet",
         "price":"299.99",
         "stock":0,
         "available":false,
         "optional":"",
         "interested":0
      }
   },
   {
      "model":"myapp.product",
      "pk":6,
      "fields":{
         "category":3,
         "name":"Laptop",
         "price":"975.50",
         "stock":85,
         "available":true,
         "optional":"",
         "interested":0
      }
   },
   {
      "model":"myapp.product",
      "pk":7,
      "fields":{
         "category":3,
         "name":"TV",
         "price":"3500.00",
         "stock":20,
         "available":true,
         "optional":"",
         "interested":0
      }
   },
   {
      "model":"myapp.product",
      "pk":8,
      "fields":{
         "category":1,
         "name":"Table",
         "price":"599.99",
         "stock":120,
         "available":true,
         "optional":"",
         "interested":0
      }
   },
   {
      "model":"myapp.product",
      "pk":9,
      "fields":{
         "category":1,
         "name":"Dresser",
         "price":"360.85",
         "stock":100,
         "available":true,
         "optional":"",
         "interested":2
      }
   },
   {
      "model":"myapp.product",
      "pk":10,
      "fields":{
         "category":1,
         "name":"Bed",
         "price":"1225.25",
         "stock":0,
         "available":false,
         "optional":"",
         "interested":0
      }
   },
   {
      "model":"myapp.product",
      "pk":11,
      "fields":{
         "category":1,
         "name":"Sofa",
         "price":"1500.95",
         "stock":175,
         "available":true,
         "optional":"",
         "interested":0
      }
   },
   {
      "model":"myapp.product",
      "pk":12,
      "fields":{
         "category":2,
         "name":"Dryer",
         "price":"775.00",
         "stock":0,
         "available":false,
         "optional":"",
         "interested":0
      }
   },
   {
      "model":"myapp.product",
      "pk":13,
      "fields":{
         "category":2,
         "name":"Washer",
         "price":"885.75",
         "stock":250,
         "available":true,
         "optional":"",
         "interested":0
      }
   },
   {
      "model":"myapp.product",
      "pk":14,
      "fields":{
         "category":2,
         "name":"Stove",
         "price":"950.50",
         "stock":150,
         "available":true,
         "optional":"",
         "interested":0
      }
   },
   {
      "model":"myapp.client",
      "pk":2,
      "fields":{
         "company":"Jhon",
         "shipping_address":"123 University Avenue",
         "city":"Windsor",
         "province":"ON",
         "interested_in":[
            1,
            2,
            3,
            4
         ]
      }
   },
   {
      "model":"myapp.client",
      "pk":3,
      "fields":{
         "company":"Mary",
         "shipping_address":"456 Sunset Avenue",
         "city":"Windsor",
         "province":"ON",
         "interested_in":[
            1,
            3
         ]
      }
   },
   {
      "model":"myapp.client",
      "pk":4,
      "fields":{
         "company":"Alan",
         "shipping_address":"789 King Street",
         "city":"Calgary",
         "province":"AB",
         "interested_in":[
            2,
            3,
            4
         ]
      }
   },
   {
      "model":"myapp.client",
      "pk":5,
      "fields":{
         "company":"Josh",
         "shipping_address":"456 Sunset Avenue",
         "city":"Montreal",
         "province":"QC",
         "interested_in":[
            1,
            4
         ]
      }
   },
   {
      "model":"myapp.client",
      "pk":6,
      "fields":{
         "company":"Bill",
         "shipping_address":"987 King Street",
         "city":"Edmononton",
         "province":"AB",
         "interested_in":[
            3
         ]
      }
   },
   {
      "model":"myapp.client",
      "pk":7,
      "fields":{
         "company":"Sagar",
         "shipping_address":null,
         "city":"Windsor",
         "province":"ON",
         "interested_in":[
            2
         ]
      }
   },
   {
      "model":"myapp.client",
      "pk":8,
      "fields":{
         "company":"Ram",
         "shipping_address":"439 Bridge Avenue",
         "city":"Windsor",
         "province":"ON",
         "interested_in":[
            5
         ]
      }
   },
   {
      "model":"myapp.client",
      "pk":11,
      "fields":{
         "company":"",
         "shipping_address":null,
         "city":"Windsor",
         "province":"ON",
         "interested_in":[

         ]
      }
   },
   {
      "model":"myapp.order",
      "pk":1,
      "fields":{
         "product":4,
         "client":3,
         "num_units":2,
         "order_status":1,
         "status_date":"2022-10-02"
      }
   },
   {
      "model":"myapp.order",
      "pk":2,
      "fields":{
         "product":7,
         "client":2,
         "num_units":1,
         "order_status":1,
         "status_date":"2022-10-02"
      }
   },
   {
      "model":"myapp.order",
      "pk":3,
      "fields":{
         "product":1,
         "client":2,
         "num_units":10,
         "order_status":1,
         "status_date":null
      }
   },
   {
      "model":"myapp.order",
      "pk":4,
      "fields":{
         "product":7,
         "client":4,
         "num_units":10,
         "order_status":1,
         "status_date":null
      }
   },
   {
      "model":"myapp.order",
      "pk":5,
      "fields":{
         "product":1,
         "client":2,
         "num_units":4,
         "order_status":1,
         "status_date":null
      }
   },
   {
      "model":"myapp.order",
      "pk":6,
      "fields":{
         "product":1,
         "client":2,
         "num_units":4,
         "order_status":1,
         "status_date":null
      }
   },
   {
      "model":"myapp.order",
      "pk":7,
      "fields":{
         "product":1,
         "client":2,
         "num_units":4,
         "order_status":1,
         "status_date":null
      }
   },
   {
      "model":"myapp.order",
      "pk":8,
      "fields":{
         "product":2,
         "client":2,
         "num_units":50,
         "order_status":1,
         "status_date":null
      }
   },
   {
      "model":"myapp.order",
      "pk":9,
      "fields":{
         "product":1,
         "client":2,
         "num_units":10,
         "order_status":1,
         "status_date":null
      }
   },
   {
      "model":"myapp.order",
      "pk":10,
      "fields":{
         "product":2,
         "client":2,
         "num_units":10,
         "order_status":1,
         "status_date":null
      }
   },
   {
      "model":"myapp.order",
      "pk":11,
      "fields":{
         "product":1,
         "client":2,
         "num_units":1,
         "order_status":1,
         "status_date":null
      }
   },
   {
      "model":"myapp.order",
      "pk":12,
      "fields":{
         "product":2,
         "client":2,
         "num_units":1,
         "order_status":1,
         "status_date":null
      }
   },
   {
      "model":"myapp.order",
      "pk":13,
      "fields":{
         "product":1,
         "client":2,
         "num_units":1,
         "order_status":1,
         "status_date":null
      }
   },
   {
      "model":"myapp.order",
      "pk":14,
      "fields":{
         "product":1,
         "client":2,
         "num_units":10,
         "order_status":1,
         "status_date":null
      }
   },
   {
      "model":"myapp.order",
      "pk":15,
      "fields":{
         "product":4,
         "client":2,
         "num_units":10,
         "order_status":1,
         "status_date":null
      }
   },
   {
      "model":"myapp.order",
      "pk":16,
      "fields":{
         "product":1,
         "client":8,
         "num_units":10,
         "order_status":1,
         "status_date":null
      }
   },
   {
      "model":"myapp.order",
      "pk":17,
      "fields":{
         "product":13,
         "client":8,
         "num_units":50,
         "order_status":1,
         "status_date":null
      }
   },
   {
      "model":"myapp.order",
      "pk":18,
      "fields":{
         "product":3,
         "client":8,
         "num_units":10,
         "order_status":1,
         "status_date":null
      }
   },
   {
      "model":"myapp.order",
      "pk":19,
      "fields":{
         "product":1,
         "client":8,
         "num_units":1,
         "order_status":1,
         "status_date":null
      }
   },
   {
      "model":"myapp.order",
      "pk":20,
      "fields":{
         "product":1,
         "client":4,
         "num_units":1,
         "order_status":1,
         "status_date":null
      }
   }
]